{
    "id": "fvtt_mosh_1e_sbt",
    "title": "Mothership 1e Compendium - SBT",
    "description": "A compendium covering everything in the Shipbreaker's Toolkit",
    "version": "0.1.5",
    "compatibility": {
      "minimum": "11",
      "verified": "12"
    },
    "authors": [
      {
        "name": "hollowphoton",
        "url": "https://github.com/hollowphoton"
      }
    ],
    "packs": [
      {
        "label": "Ship Cargo (1e)",
        "type": "Item",
        "name": "items_ship_cargo_1e",
        "path": "packs/items_ship_cargo_1e.db"
      },
      {
        "label": "Ship Upgrades (1e)",
        "type": "Item",
        "name": "items_ship_upgrades_1e",
        "path": "packs/items_ship_upgrades_1e.db"
      },
      {
        "label": "Ship Weapons (1e)",
        "type": "Item",
        "name": "items_ship_weapons_1e",
        "path": "packs/items_ship_weapons_1e.db"
      },
      {
        "label": "Rolltables (1e)",
        "type": "RollTable",
        "name": "rolltables_1e",
        "path": "packs/rolltables_1e.db"
      }
    ],
    "relationships": {
      "systems": [
        {
          "id": "mosh",
          "type": "system",
          "manifest": "https://raw.githubusercontent.com/Futil/foundry-mothership/master/system.json",
          "compatibility": {
            "minimum": "0.5.25",
            "verified": "0.5.25"
          }
        }
      ]
    },
    "url": "https://github.com/hollowphoton/fvtt_mosh_1e_sbt",
    "manifest": "https://github.com/hollowphoton/fvtt_mosh_1e_sbt/releases/latest/download/module.json",
    "download": "https://github.com/hollowphoton/fvtt_mosh_1e_sbt/releases/download/0.1.5/fvtt_mosh_1e_sbt.zip"
  }